{"RuleTriggered": 0, "Violations": 0, "Details": {"pin_memory": false, "num_workers": 0, "cores": 36, "dataloaders": 1, "dataloading_time": {"p25": 0.0235525, "p50": 0.0242365, "p95": 0.0267475, "probs": [1, 0, 0, 0, 0, 0, 0, 0, 0, 0, 0, 0, 0, 0, 0, 0, 0, 0, 0, 0, 0, 0, 0, 0, 0, 0, 0, 0, 0, 0, 0, 0, 0, 0, 0, 0, 0, 0, 0, 0, 0, 0, 0, 0, 0, 0, 0, 0, 0, 0, 0, 0, 0, 0, 0, 0, 0, 0, 0, 0, 0, 0, 0, 0, 0, 0, 0, 0, 0, 0, 0, 0, 0, 0, 0, 0, 0, 0, 0, 0, 1, 0, 0, 2, 0, 0, 1, 1, 1, 0, 1, 0, 0, 0, 0, 0, 0, 0, 0, 2], "binedges": [0.00676, 0.006960640000000001, 0.007161280000000001, 0.00736192, 0.00756256, 0.0077632000000000005, 0.00796384, 0.00816448, 0.00836512, 0.00856576, 0.0087664, 0.008967039999999999, 0.009167680000000001, 0.00936832, 0.00956896, 0.0097696, 0.00997024, 0.01017088, 0.01037152, 0.01057216, 0.010772799999999999, 0.010973440000000001, 0.01117408, 0.01137472, 0.01157536, 0.011776, 0.01197664, 0.012177279999999999, 0.01237792, 0.012578559999999999, 0.0127792, 0.01297984, 0.01318048, 0.01338112, 0.01358176, 0.0137824, 0.013983039999999999, 0.01418368, 0.014384319999999999, 0.01458496, 0.0147856, 0.01498624, 0.01518688, 0.01538752, 0.015588159999999998, 0.0157888, 0.01598944, 0.01619008, 0.016390719999999998, 0.01659136, 0.016792, 0.01699264, 0.01719328, 0.01739392, 0.01759456, 0.017795199999999997, 0.01799584, 0.01819648, 0.01839712, 0.018597759999999998, 0.0187984, 0.01899904, 0.019199679999999997, 0.01940032, 0.01960096, 0.0198016, 0.020002239999999998, 0.02020288, 0.02040352, 0.020604159999999996, 0.0208048, 0.02100544, 0.02120608, 0.021406719999999997, 0.02160736, 0.021808, 0.022008639999999996, 0.022209279999999998, 0.02240992, 0.022610560000000002, 0.022811199999999997, 0.02301184, 0.02321248, 0.023413119999999996, 0.023613759999999998, 0.0238144, 0.02401504, 0.024215679999999996, 0.02441632, 0.02461696, 0.024817599999999995, 0.025018239999999997, 0.02521888, 0.02541952, 0.025620159999999996, 0.025820799999999998, 0.02602144, 0.026222079999999995, 0.026422719999999997, 0.02662336, 0.026824]}}, "Datapoints": 10, "RuleParameters": "min_threshold:70\nmax_threshold:200"}