{"RuleTriggered": 0, "Violations": 0, "Details": {"step_num": {"first": 1634364242587103, "last": 1634366381253466}, "job_start": 1634364180.28731, "job_end": 1634366399.787692}, "Datapoints": 83, "RuleParameters": "threshold:20"}