{"RuleTriggered": 0, "Violations": 0, "Details": {"ratio": {"cpu_functions": 100.0}, "phase": {"Step:ModeKeys.GLOBAL": 95.29481464959542, "others": 4.705185350404574}, "phase_time": {}, "general": {"DataLoaderIterInitialize": 0.008332347538445924, "Forward": 99.98178441059589, "DataLoaderIter": 0.009883241865651855}, "CPU": {"dropout": 3.4729979249875953, "matmul": 10.124644789712338, "mm": 26.226403328960213, "NativeLayerNormBackward": 7.118992522637948, "native_layer_norm_backward": 7.117188444815563, "MmBackward": 17.472431233958627, "GeluBackward": 14.233872169026341, "gelu_backward": 14.233469585901384}, "CPU_total": {"dropout": 9894922, "matmul": 28846136, "mm": 74721673, "NativeLayerNormBackward": 20282729, "native_layer_norm_backward": 20277589, "MmBackward": 49780722, "GeluBackward": 40553740, "gelu_backward": 40552593}}, "Datapoints": 0, "RuleParameters": ""}